segments,payment_amount
champions,14741.105820487996
loyal customers,99107.25362210517
need attention,447.4189690134115
new customers,2492.1595021209114
others,13933.166051557037
potential loyalist,33122.26219077088
promising,1380.437775614206
