,monetary_segment,monetary,client_count
0,1,47.29840447154469,164
1,2,37.8123619909502,442
2,3,30.834873279473396,557
3,4,24.230567481884044,552
4,5,16.39659795321638,285
