hourly,orders
0,22.722222222222218
1,28.236363636363638
2,29.10909090909091
3,29.0
4,28.2
5,28.236363636363638
6,28.67272727272727
7,37.23636363636364
8,120.7090909090909
9,260.12727272727267
10,253.4181818181818
11,255.32727272727269
12,257.1636363636364
13,252.3090909090909
14,256.23636363636365
15,253.38181818181815
16,223.0727272727273
17,253.98181818181817
18,513.1636363636363
19,518.5818181818181
20,513.7272727272727
21,518.4363636363636
22,518.1818181818181
23,447.66071428571433
