products,accept_Ratio,mean_control,mean_validation,is_amount_increased_per_products,diff
p_76,0.5,28.603494662224772,27.460871168172492,False,-1.1426234940522804
p_123,0.533333333333334,26.974451558614547,26.396939940537546,False,-0.5775116180770006
p_127,0.533333333333334,28.54213978036291,28.051341118466574,False,-0.4907986618963349
p_25,0.533333333333334,27.950002265112214,27.746378267465783,False,-0.20362399764643158
p_14,0.5666666666666667,27.975163531440106,27.827155442608284,False,-0.1480080888318227
p_154,0.5833333333333331,27.747137647784086,27.69304987533294,False,-0.05408777245114749
