,frequency_segment,frequency,client_count
0,1,1520.9657142857143,175
1,2,1103.875,304
2,3,744.4879972565158,486
3,4,417.7283068783069,567
4,5,140.24216524216524,468
