segments,accept_Ratio,mean_control,mean_validation,is_amount_increased_per_segments_per_monthly
champions,1.0,0.0,0.0,False
lost,1.0,30.734874999999988,19.355500000000003,False
new customers,1.0,0.0,0.0,False
potential loyalist,0.5500000000000004,35.3829206406114,35.69401594011209,True
loyal customers,0.4499999999999995,29.72812261891006,29.533121636344426,False
promising,0.4333333333333335,37.869909722222225,38.57462152777775,True
others,0.3666666666666669,31.065519547325103,35.58239130658435,True
at risk,0.016666666666666687,23.859946759259262,47.21000000000002,True
need attention,0.0,35.68522569444443,6.7200000000000095,False
