deliver,prepare,ride,returns,total_locations
14.914243137172686,6.093388671113753,20.440818187001362,14.105905818728193,13470
