,recency_segment,recency,client_count
0,1,1511.4174311926606,218
1,2,1106.0647058823529,340
2,3,768.4121951219512,410
3,4,428.1340206185567,485
4,5,133.44606946983546,547
