segments,accept_Ratio,mean_control,mean_validation,is_amount_increased_per_segments_per_daily
need attention,1.0,18.19775,0.0,False
promising,1.0,27.905,38.18475,True
at risk,0.7999999999999993,31.13213333333334,33.76283888888888,True
lost,0.6000000000000008,17.192983333333327,21.23363333333333,True
champions,0.0,17.509913744862803,28.312916666666688,True
loyal customers,0.0,27.038637608547806,23.280347222222197,False
new customers,0.0,28.668273887178483,37.34999999999996,True
others,0.0,43.748978694058636,20.557499999999983,False
potential loyalist,0.0,36.649349922313554,18.23000000000001,False
